{
  "src": [
    "sprite/sprite.ogg",
    "sprite/sprite.m4a",
    "sprite/sprite.mp3",
    "sprite/sprite.ac3"
  ],
  "sprite": {
    "attack_01": [
      0,
      440
    ],
    "attack_02": [
      2000,
      348.6167800453517
    ],
    "attack_03": [
      4000,
      914.9433106575966
    ],
    "hit_01": [
      6000,
      322.154195011338
    ],
    "hit_02": [
      8000,
      427.6190476190482
    ],
    "dash": [
      10000,
      166.5532879818592
    ],
    "hit": [
      12000,
      313.4693877551023
    ]
  }
}